{
  "gsr": {
    "mean": 67.10552519234105,
    "std": 2.3557174365787175,
    "val": [
      65.92356687898089,
      65.86826347305389,
      64.22018348623853,
      70.85889570552148,
      68.65671641791045
    ]
  },
  "dr": {
    "mean": 45.812272252906986,
    "std": 2.1617724584328744,
    "val": [
      43.30543933054393,
      45.833333333333336,
      43.47826086956522,
      48.125,
      48.319327731092436
    ]
  },
  "pt": {
    "mean": 209.6990477397006,
    "std": 3.081948665116355,
    "val": [
      207.58365062957117,
      207.17619737812893,
      211.70958428395457,
      207.19467917668453,
      214.83112723016373
    ]
  },
  "tt": {
    "mean": 212.85153041250692,
    "std": 3.0305609821344577,
    "val": [
      210.83808008660662,
      210.55200062885186,
      215.00344200939492,
      210.08408806987643,
      217.7800412678048
    ]
  }
}
