{
  "gsr": {
    "mean": 75.92562449058146,
    "std": 2.172864882853117,
    "val": [
      75.38461538461539,
      72.25433526011561,
      77.87114845938375,
      78.37837837837837,
      75.7396449704142
    ]
  },
  "dr": {
    "mean": 77.76680128748849,
    "std": 2.724567797214183,
    "val": [
      77.04402515723271,
      75.75757575757575,
      81.04956268221575,
      80.77994428969359,
      74.20289855072464
    ]
  },
  "pt": {
    "mean": 256.8286078654396,
    "std": 7.072087919276958,
    "val": [
      269.46798611802666,
      247.9701324247978,
      253.4784870096015,
      257.127790327196,
      256.0986434475759
    ]
  },
  "tt": {
    "mean": 260.43513214759423,
    "std": 7.022528684633404,
    "val": [
      272.70143352753934,
      251.43658208175447,
      256.74703256870674,
      261.4976759080763,
      259.79293665189425
    ]
  }
}