{
  "gsr": {
    "mean": 75.95572726161836,
    "std": 2.1827321321082356,
    "val": [
      74.46808510638297,
      72.83236994219654,
      78.08988764044943,
      78.64864864864865,
      75.7396449704142
    ]
  },
  "dr": {
    "mean": 77.79971619144892,
    "std": 2.769777765835154,
    "val": [
      76.32398753894081,
      76.36363636363636,
      81.04956268221575,
      81.05849582172702,
      74.20289855072464
    ]
  },
  "pt": {
    "mean": 192.19346760682737,
    "std": 4.740592663995771,
    "val": [
      193.86506843012432,
      200.07457061552665,
      192.21675880556185,
      188.30259806149965,
      186.5083421214243
    ]
  },
  "tt": {
    "mean": 195.1390343740567,
    "std": 4.769017185875548,
    "val": [
      196.88655054846473,
      203.04414789441606,
      195.12466880364147,
      191.24853518102074,
      189.39126944274045
    ]
  }
}
