{
  "gsr": {
    "mean": 68.31357145211436,
    "std": 4.354404721833021,
    "val": [
      73.54838709677419,
      64.67065868263474,
      62.38532110091743,
      72.67080745341615,
      68.29268292682927
    ]
  },
  "dr": {
    "mean": 46.108969674826454,
    "std": 2.2821807240373597,
    "val": [
      47.5,
      45.0,
      42.2360248447205,
      48.75,
      47.05882352941177
    ]
  },
  "pt": {
    "mean": 259.4101610811507,
    "std": 8.468783472489998,
    "val": [
      266.92147857399397,
      256.4484924465031,
      269.4983878676684,
      245.5910665472758,
      258.5913799703121
    ]
  },
  "tt": {
    "mean": 263.01142966384134,
    "std": 8.722292309648468,
    "val": [
      271.0120511311357,
      259.6891304115196,
      273.31040905773796,
      248.92294775579393,
      262.12260996301967
    ]
  }
}