{
  "gsr": {
    "mean": 82.71625652882264,
    "std": 1.8393564419294597,
    "val": [
      85.16320474777449,
      84.04558404558405,
      79.77207977207978,
      82.57142857142857,
      82.02898550724638
    ]
  },
  "dr": {
    "mean": 84.43032337997616,
    "std": 2.247574403784974,
    "val": [
      85.67164179104478,
      86.00583090379008,
      80.22922636103152,
      86.26865671641791,
      83.97626112759644
    ]
  },
  "pt": {
    "mean": 21.84571238723912,
    "std": 1.1292839150940968,
    "val": [
      24.10416442806981,
      21.29300003466399,
      21.274385400299156,
      21.263445748223198,
      21.29356632493947
    ]
  },
  "tt": {
    "mean": 24.787986189076022,
    "std": 1.1396634308227096,
    "val": [
      27.06668757590927,
      24.26142472287883,
      24.22081612111437,
      24.17736252148946,
      24.213640003988186
    ]
  }
}