{
  "gsr": {
    "mean": 68.81708395319498,
    "std": 3.655246294333051,
    "val": [
      63.57827476038339,
      70.99697885196375,
      74.41176470588235,
      67.76315789473684,
      67.3352435530086
    ]
  },
  "dr": {
    "mean": 46.753517607011496,
    "std": 4.196921210500982,
    "val": [
      40.946502057613166,
      49.57805907172996,
      51.950718685831625,
      42.738589211618255,
      48.553719008264466
    ]
  },
  "pt": {
    "mean": 22.289796098130758,
    "std": 1.5363411037218082,
    "val": [
      25.165242618984646,
      21.16563120437542,
      21.104678436739363,
      22.600433679932323,
      21.412994550622027
    ]
  },
  "tt": {
    "mean": 25.296519804198784,
    "std": 1.603752607566905,
    "val": [
      28.32214170032077,
      24.176333587207097,
      24.09538431982299,
      25.56087651066274,
      24.32786290298033
    ]
  }
}