{
  "gsr": {
    "mean": 2.6069972884963715,
    "std": 1.155018153400175,
    "val": [
      2.912621359223301,
      3.3816425120772946,
      0.4975124378109453,
      2.4154589371980677,
      3.827751196172249
    ]
  },
  "dr": {
    "mean": 1.567728252975897,
    "std": 0.714318014483026,
    "val": [
      1.7142857142857142,
      2.121212121212121,
      0.2915451895043732,
      1.392757660167131,
      2.318840579710145
    ]
  },
  "pt": {
    "mean": 67.49299494772421,
    "std": 3.3225303259857095,
    "val": [
      74.06413670882438,
      66.03042054291508,
      65.09356356378812,
      66.61278498921418,
      65.66406893387935
    ]
  },
  "tt": {
    "mean": 89.64993403809049,
    "std": 2.9947356392918363,
    "val": [
      95.06744551427155,
      89.54333107252629,
      85.89450043825369,
      89.16235200448888,
      88.58204116091203
    ]
  }
}
