{
  "gsr": {
    "mean": 0.09900990099009901,
    "std": 0.19801980198019803,
    "val": [
      0.0,
      0.0,
      0.0,
      0.49504950495049505,
      0.0
    ]
  },
  "dr": {
    "mean": 0.04166666666666667,
    "std": 0.08333333333333334,
    "val": [
      0.0,
      0.0,
      0.0,
      0.20833333333333334,
      0.0
    ]
  },
  "pt": {
    "mean": 67.50664067268372,
    "std": 2.551975025589566,
    "val": [
      72.1728765964508,
      64.81480479240417,
      65.90808391571045,
      67.99589395523071,
      66.64154410362244
    ]
  },
  "tt": {
    "mean": 89.51116418838501,
    "std": 2.2759945356114257,
    "val": [
      92.25380659103394,
      87.05060601234436,
      87.7592384815216,
      92.26782441139221,
      88.22434544563293
    ]
  }
}
