{
  "gsr": {
    "mean": 2.1102128822643818,
    "std": 1.0127051150997175,
    "val": [
      3.3175355450236967,
      2.857142857142857,
      0.4975124378109453,
      1.4634146341463414,
      2.4154589371980677
    ]
  },
  "dr": {
    "mean": 1.277791792081461,
    "std": 0.6329269351546295,
    "val": [
      1.9943019943019944,
      1.8181818181818181,
      0.2915451895043732,
      0.8356545961002786,
      1.4492753623188406
    ]
  },
  "pt": {
    "mean": 103.62768582253993,
    "std": 8.895588505641495,
    "val": [
      118.63832112172204,
      95.96078168778192,
      93.2919813032767,
      104.76720158646746,
      105.48014341345156
    ]
  },
  "tt": {
    "mean": 126.62145988033448,
    "std": 8.574455930689439,
    "val": [
      142.4428648293301,
      119.93701798575265,
      118.1121477440222,
      126.3429095105427,
      126.27235933202476
    ]
  }
}