{
  "gsr": {
    "mean": 0.09900990099009901,
    "std": 0.19801980198019803,
    "val": [
      0.0,
      0.0,
      0.0,
      0.49504950495049505,
      0.0
    ]
  },
  "dr": {
    "mean": 0.04166666666666667,
    "std": 0.08333333333333334,
    "val": [
      0.0,
      0.0,
      0.0,
      0.20833333333333334,
      0.0
    ]
  },
  "pt": {
    "mean": 104.49896285085394,
    "std": 9.537208067381732,
    "val": [
      119.83848810195923,
      106.32363438606262,
      102.56390929222107,
      89.93984685085788,
      103.82893562316895
    ]
  },
  "tt": {
    "mean": 125.66263786636958,
    "std": 8.732993309142259,
    "val": [
      140.4667055606842,
      126.49868011474611,
      123.64322185516357,
      113.1678040664975,
      124.53677773475647
    ]
  }
}