{
  "gsr": {
    "mean": 94.05773376668876,
    "std": 1.8617142629000585,
    "val": [
      91.12426035502959,
      95.75757575757575,
      92.96187683284458,
      96.20253164556962,
      94.24242424242425
    ]
  },
  "dr": {
    "mean": 91.00154032162855,
    "std": 1.178794386104397,
    "val": [
      89.01734104046243,
      92.12827988338192,
      90.83094555873926,
      90.74626865671642,
      92.28486646884274
    ]
  },
  "pt": {
    "mean": 38.242235495157146,
    "std": 1.289488108288967,
    "val": [
      39.37631912445754,
      36.73266948655594,
      36.65533538692254,
      39.614091702361605,
      38.83276177548814
    ]
  },
  "tt": {
    "mean": 41.281487050190194,
    "std": 1.1961506716359558,
    "val": [
      42.41092218441909,
      40.10155935620153,
      39.62972078769988,
      42.52558893232204,
      41.73964399030839
    ]
  }
}