{
  "gsr": {
    "mean": 72.59240416804977,
    "std": 3.1970395981298974,
    "val": [
      78.11704834605598,
      73.06733167082294,
      72.18045112781955,
      68.28571428571429,
      71.31147540983606
    ]
  },
  "dr": {
    "mean": 57.6311102254161,
    "std": 5.1958503537942065,
    "val": [
      63.69294605809129,
      61.81434599156118,
      59.13757700205339,
      49.5850622406639,
      53.925619834710744
    ]
  },
  "pt": {
    "mean": 30.607389363035434,
    "std": 0.8397505882071084,
    "val": [
      30.66658213361249,
      29.191885059235865,
      30.588495891725,
      31.83015430246601,
      30.759829428137802
    ]
  },
  "tt": {
    "mean": 33.6680747945153,
    "std": 0.8555004526677842,
    "val": [
      34.37440976466568,
      32.24216704994305,
      33.36728100284867,
      34.686309387362336,
      33.67020676775676
    ]
  }
}