{
  "gsr": {
    "mean": 69.40094704556785,
    "std": 1.9667746782187518,
    "val": [
      69.12928759894459,
      66.91919191919192,
      72.23650385604113,
      67.76859504132231,
      70.95115681233933
    ]
  },
  "dr": {
    "mean": 55.22787411824282,
    "std": 2.363807124682939,
    "val": [
      54.46985446985447,
      55.90717299578059,
      57.700205338809035,
      51.03734439834025,
      57.02479338842975
    ]
  },
  "pt": {
    "mean": 35.75768612774341,
    "std": 1.2524817850648677,
    "val": [
      38.22154012219659,
      35.30837935070659,
      35.11793839188151,
      34.741055426286096,
      35.39951734764631
    ]
  },
  "tt": {
    "mean": 38.63321354554314,
    "std": 1.301058238099135,
    "val": [
      41.18619352725926,
      38.190072081809824,
      37.94049721116558,
      37.56016103466551,
      38.289143872815515
    ]
  }
}