{
  "gsr": {
    "mean": 94.83498472191059,
    "std": 2.258998520660802,
    "val": [
      90.6344410876133,
      97.32142857142857,
      96.08433734939759,
      94.96855345911949,
      95.16616314199396
    ]
  },
  "dr": {
    "mean": 91.66737836781098,
    "std": 2.5575695261108944,
    "val": [
      87.97653958944281,
      95.33527696793003,
      91.40401146131805,
      90.14925373134328,
      93.47181008902078
    ]
  },
  "pt": {
    "mean": 38.319811349729875,
    "std": 0.6776183993899433,
    "val": [
      39.60056441170829,
      38.13964645297541,
      37.58694362370218,
      38.23171494275155,
      38.040187317511936
    ]
  },
  "tt": {
    "mean": 41.27768367645882,
    "std": 0.6683748917088438,
    "val": [
      42.4736990247454,
      41.39097715388833,
      40.45940255983693,
      41.04213883890908,
      41.022200804914355
    ]
  }
}