{
  "gsr": {
    "mean": 81.59958908238504,
    "std": 3.2889326998140267,
    "val": [
      84.89583333333333,
      85.75498575498575,
      78.97574123989219,
      81.11111111111111,
      77.26027397260275
    ]
  },
  "dr": {
    "mean": 86.57153404738277,
    "std": 2.486083151704421,
    "val": [
      90.30470914127424,
      87.75510204081633,
      83.95415472779369,
      87.16417910447761,
      83.67952522255193
    ]
  },
  "pt": {
    "mean": 27.805385147555548,
    "std": 0.9589084671860314,
    "val": [
      28.743119437459836,
      26.27376984741728,
      27.307388274817455,
      27.837399641672768,
      28.865248536410398
    ]
  },
  "tt": {
    "mean": 30.672420597893034,
    "std": 0.9803325636447764,
    "val": [
      31.724978605082615,
      29.131260968871036,
      30.12936134544023,
      30.690690543916492,
      31.685811526154815
    ]
  }
}