{
  "gsr": {
    "mean": 88.14376901401816,
    "std": 2.5543066638257304,
    "val": [
      85.16320474777449,
      92.19653179190752,
      87.25761772853186,
      86.24641833810888,
      89.85507246376811
    ]
  },
  "dr": {
    "mean": 90.05257533765699,
    "std": 2.699618877716725,
    "val": [
      85.16320474777449,
      93.00291545189505,
      90.25787965616045,
      89.85074626865672,
      91.98813056379822
    ]
  },
  "pt": {
    "mean": 36.36912146871488,
    "std": 1.8474703625947364,
    "val": [
      40.06373473576137,
      35.42698126981517,
      35.46585897551924,
      35.478171411451406,
      35.410860951027175
    ]
  },
  "tt": {
    "mean": 39.235341999242436,
    "std": 1.9206726985486609,
    "val": [
      43.07652745928083,
      38.27830211033728,
      38.29515897310697,
      38.28394805992043,
      38.24277339356669
    ]
  }
}