{
  "gsr": {
    "mean": 73.29057772483154,
    "std": 2.7813845582885914,
    "val": [
      71.86629526462396,
      74.78510028653295,
      76.15176151761517,
      68.5131195335277,
      75.13661202185793
    ]
  },
  "dr": {
    "mean": 54.39502373129534,
    "std": 3.1503321845940406,
    "val": [
      53.63825363825364,
      55.063291139240505,
      57.700205338809035,
      48.7551867219917,
      56.81818181818182
    ]
  },
  "pt": {
    "mean": 28.0976743013258,
    "std": 1.0400850718547416,
    "val": [
      30.05138495213406,
      27.19061368597676,
      27.330394007425603,
      27.692096838679337,
      28.223882022413235
    ]
  },
  "tt": {
    "mean": 31.016957410443126,
    "std": 1.0776144526586895,
    "val": [
      33.06788609440165,
      30.137250138299763,
      30.205867171003028,
      30.60956322467389,
      31.06422042383731
    ]
  }
}