{
  "gsr": {
    "mean": 91.4981196919116,
    "std": 1.7108357022177068,
    "val": [
      88.4393063583815,
      93.19526627218934,
      91.01449275362319,
      92.90123456790124,
      91.94029850746269
    ]
  },
  "dr": {
    "mean": 90.24758489229207,
    "std": 1.2908554448519547,
    "val": [
      88.18443804034582,
      91.83673469387755,
      89.97134670487107,
      89.85074626865672,
      91.3946587537092
    ]
  },
  "pt": {
    "mean": 28.507492277073403,
    "std": 1.1735285680476928,
    "val": [
      30.853868189437616,
      27.968754768371582,
      27.887626367922966,
      27.929306030273438,
      27.89790602936142
    ]
  },
  "tt": {
    "mean": 31.38087387871621,
    "std": 1.1776855760531897,
    "val": [
      33.7330577123231,
      30.910693577357698,
      30.756807723534074,
      30.762309251829635,
      30.74150112853653
    ]
  }
}