{
  "gsr": {
    "mean": 88.82700497533963,
    "std": 2.068823878276615,
    "val": [
      88.65671641791045,
      92.71137026239067,
      86.74033149171271,
      87.46355685131195,
      88.56304985337243
    ]
  },
  "dr": {
    "mean": 90.10118310291689,
    "std": 1.3751268081030281,
    "val": [
      88.65671641791045,
      92.71137026239067,
      89.97134670487107,
      89.55223880597015,
      89.61424332344214
    ]
  },
  "pt": {
    "mean": 27.922493413484535,
    "std": 1.047852563951326,
    "val": [
      29.58006366959274,
      26.954657632973646,
      26.658750411332772,
      28.3577212530898,
      28.061274100433696
    ]
  },
  "tt": {
    "mean": 30.860656260076563,
    "std": 1.0878956169020486,
    "val": [
      32.48574945509946,
      29.81401502917238,
      29.494031185119464,
      31.216493071645246,
      31.292992559346285
    ]
  }
}