{
  "gsr": {
    "mean": 60.32289367687558,
    "std": 2.5255084404131147,
    "val": [
      61.64383561643836,
      56.86746987951807,
      62.44635193133047,
      57.711442786069654,
      62.94536817102138
    ]
  },
  "dr": {
    "mean": 53.73549383274262,
    "std": 4.25531820272605,
    "val": [
      56.25,
      49.78902953586498,
      59.75359342915811,
      48.13278008298755,
      54.752066115702476
    ]
  },
  "pt": {
    "mean": 27.311414419356602,
    "std": 0.7246078634856112,
    "val": [
      28.21887969970703,
      27.22437932806195,
      26.96108011564291,
      26.19291154237894,
      27.959821410992177
    ]
  },
  "tt": {
    "mean": 30.135629161357098,
    "std": 0.7469238695415431,
    "val": [
      31.118017302619087,
      30.10168615377174,
      29.766485504569765,
      28.974435077263756,
      30.717521768561156
    ]
  }
}