{
  "gsr": {
    "mean": 63.50964299470409,
    "std": 3.009952467894161,
    "val": [
      59.54415954415954,
      65.51724137931035,
      66.41604010025063,
      60.150375939849624,
      65.92039800995025
    ]
  },
  "dr": {
    "mean": 51.65186865440374,
    "std": 4.741127068464656,
    "val": [
      43.18181818181818,
      56.118143459915615,
      54.41478439425051,
      49.79253112033195,
      54.752066115702476
    ]
  },
  "pt": {
    "mean": 35.76477645031859,
    "std": 1.3511902818457948,
    "val": [
      38.152311844800515,
      34.688968349386144,
      34.85590591166366,
      34.737607459748844,
      36.389088685993805
    ]
  },
  "tt": {
    "mean": 38.72526722868908,
    "std": 1.4417083470488954,
    "val": [
      40.98672273928526,
      37.51111361715528,
      37.70772744546586,
      37.5338585109301,
      39.88691383060889
    ]
  }
}