{
  "gsr": {
    "mean": 74.57444618847705,
    "std": 1.1144031014806068,
    "val": [
      76.22950819672131,
      73.52941176470588,
      75.40106951871658,
      74.43181818181819,
      73.28042328042328
    ]
  },
  "dr": {
    "mean": 57.22482371896655,
    "std": 1.4996223937950968,
    "val": [
      58.61344537815126,
      58.016877637130804,
      57.90554414784394,
      54.356846473029044,
      57.231404958677686
    ]
  },
  "pt": {
    "mean": 37.207810495461466,
    "std": 1.488317054230923,
    "val": [
      39.61052929568116,
      36.636495704285835,
      35.597038932853394,
      36.01189405095784,
      38.183094493529104
    ]
  },
  "tt": {
    "mean": 40.30492554611264,
    "std": 1.7384798654638618,
    "val": [
      43.21195560445995,
      39.8561292858215,
      38.420176561360016,
      38.84715832788359,
      41.18920795103815
    ]
  }
}