{
  "gsr": {
    "mean": 58.09269548373239,
    "std": 3.2891085569841594,
    "val": [
      53.203342618384404,
      60.16949152542373,
      62.36842105263158,
      55.55555555555556,
      59.166666666666664
    ]
  },
  "dr": {
    "mean": 43.93121279671809,
    "std": 2.8561716457857185,
    "val": [
      40.552016985138,
      44.936708860759495,
      48.6652977412731,
      41.49377593360996,
      44.00826446280992
    ]
  },
  "pt": {
    "mean": 9.111311767574803,
    "std": 1.114933914227812,
    "val": [
      10.359226128993889,
      10.568181775835916,
      8.096918427800556,
      8.463502835623824,
      8.06872966961983
    ]
  },
  "tt": {
    "mean": 12.031840580471123,
    "std": 1.1199283281676526,
    "val": [
      13.250516011164738,
      13.521117232452628,
      11.016966923173651,
      11.414273781112477,
      10.956328954452124
    ]
  }
}