{
  "gsr": {
    "mean": 77.75241353080739,
    "std": 2.424993475243507,
    "val": [
      79.10863509749304,
      79.7752808988764,
      75.1336898395722,
      74.51523545706371,
      80.22922636103152
    ]
  },
  "dr": {
    "mean": 81.75601577244075,
    "std": 1.1510518732646444,
    "val": [
      82.08092485549133,
      82.79883381924198,
      80.51575931232092,
      80.29850746268657,
      83.0860534124629
    ]
  },
  "pt": {
    "mean": 8.960934038069073,
    "std": 0.8073587566100416,
    "val": [
      10.46741975320352,
      8.780851026321951,
      8.835320671399435,
      8.692567587544923,
      8.028511151875534
    ]
  },
  "tt": {
    "mean": 12.013584151262577,
    "std": 0.8270008467254283,
    "val": [
      13.51693836418358,
      11.940744982103562,
      11.918103322386742,
      11.702436095653834,
      10.989697991985164
    ]
  }
}
